,Category,Manufacturer,Specifications,Year Built,Year Built Condition,Length,Length Condition,Width,Width Condition,Material,Price,Price Condition,Currency,Country,State_Region,Location,# of views last 7 days,Views Condition
48,Motor Yacht,Rodriguez Group (Italyachts) Power Boats,"Used Boat, Diesel",2010.0,New,41.1,Long,8.4,Wide,Aluminium,5900000,High-value product,EUR,France,Viewing by Appointment Only,,986,High Views
529,Cabin Boat,Draco Power Boats,"Used Boat, Unleaded",1989.0,Old,9.0,Medium,3.12,Medium,Carbon Fiber,52000,Mid-value product,CHF,Switzerland,Viewing by Appointment Only,,380,High Views
895,Trawler,,Used Boat,1993.0,Old,10.5,Medium,3.7,Medium,Steel,49500,Mid-value product,EUR,Netherlands,Viewing by Appointment Only,,297,High Views
941,nan,,New Boat From Stock,2020.0,New,12.5,Medium,4.2,Medium,Wood,31800,Low-value product,PLN,Poland,Viewing by Appointment Only,,290,High Views
1094,nan,Yamarin Power Boats,New Boat From Stock,2020.0,New,6.77,Short,2.54,Medium,GRP,52000,Mid-value product,EUR,Germany,Viewing by Appointment Only,,270,High Views
1115,Cabin Boat,Nimbus Power Boats,"New Boat On Order, Diesel",2020.0,New,10.87,Medium,3.4,Medium,GRP,410000,High-value product,SEK,Sweden,Viewing by Appointment Only,,267,High Views
1224,Motor Yacht,Princess Power Boats,"Used Boat, Diesel",2003.0,Mid,15.0,Long,4.0,Medium,GRP,199500,Mid-value product,EUR,Croatia,Viewing by Appointment Only,,254,High Views
1312,Sport Boat,Axopar Power Boats,New Boat On Order,2020.0,New,11.5,Medium,3.35,Medium,GRP,240000,Mid-value product,PLN,Poland,Viewing by Appointment Only,,245,High Views
1418,Cabin Boat,Nimbus Power Boats,"New Boat On Order, Diesel",2020.0,New,13.16,Medium,3.75,Medium,GRP,625000,High-value product,SEK,Sweden,Viewing by Appointment Only,,236,High Views
1467,nan,,New Boat From Stock,2020.0,New,8.8,Medium,3.0,Medium,Wood,21700,Low-value product,PLN,Poland,Viewing by Appointment Only,,232,High Views
1506,nan,Conam Power Boats,"Used Boat, Diesel",1996.0,Old,17.15,Long,4.3,Wide,GRP,199000,Mid-value product,EUR,Belgium,Viewing by Appointment Only,,229,High Views
1507,nan,Princess Power Boats,"Used Boat, Diesel",1996.0,Old,18.85,Long,4.8,Wide,GRP,269000,High-value product,EUR,Belgium,Viewing by Appointment Only,,229,High Views
1535,Motor Yacht,Azimut Power Boats,"New Boat From Stock, Diesel",2020.0,New,10.25,Medium,3.5,Medium,GRP,278000,High-value product,EUR,Italy,Viewing by Appointment Only,,227,High Views
1615,Sport Boat,Sunseeker Power Boats,Used Boat,2007.0,Mid,13.49,Medium,3.63,Medium,,169999,Mid-value product,GBP,United Kingdom,Viewing by Appointment Only,,221,High Views
1675,Deck Boat,,New Boat From Stock,2015.0,New,4.3,Short,,nan,,39900,Low-value product,DKK,Denmark,Viewing by Appointment Only,In Our Exhibition,217,High Views
1689,Center Console Boat,Nimbus Power Boats,"New Boat On Order, Unleaded",2020.0,New,8.15,Medium,2.6,Medium,GRP,135000,Mid-value product,SEK,Sweden,Viewing by Appointment Only,,216,High Views
1702,Motor Yacht,Azimut Power Boats,"New Boat On Order, Diesel",2020.0,New,10.25,Medium,3.5,Medium,GRP,251000,Mid-value product,CHF,Switzerland,Viewing by Appointment Only,,215,High Views
1737,Cabin Boat,Nimbus Power Boats,"New Boat On Order, Diesel",2020.0,New,9.85,Medium,3.25,Medium,GRP,275000,High-value product,SEK,Sweden,Viewing by Appointment Only,,212,High Views
1767,Trawler,,Used Boat,1979.0,Old,11.0,Medium,3.4,Medium,Steel,40000,Low-value product,EUR,Netherlands,Viewing by Appointment Only,,210,High Views
1768,Bowrider,Yamarin Power Boats,New Boat From Stock,2020.0,New,6.31,Short,2.32,Narrow,Aluminium,35020,Low-value product,EUR,Germany,Viewing by Appointment Only,,210,High Views
1795,nan,,New Boat From Stock,2020.0,New,9.0,Medium,2.5,Narrow,Aluminium,82350,Mid-value product,EUR,Netherlands,Viewing by Appointment Only,,207,High Views
1887,Sport Boat,Axopar Power Boats,"New Boat On Order, Unleaded",2020.0,New,9.4,Medium,2.95,Medium,GRP,130000,Mid-value product,PLN,Poland,Viewing by Appointment Only,,201,High Views
1888,nan,Fairline Power Boats,"Used Boat, Diesel",1996.0,Old,17.05,Long,4.65,Wide,GRP,238000,Mid-value product,EUR,Netherlands,Viewing by Appointment Only,,201,High Views
1912,nan,,Used Boat,2020.0,New,12.56,Medium,4.0,Medium,Steel,98000,Mid-value product,EUR,Netherlands,Viewing by Appointment Only,,200,High Views
1929,nan,,Used Boat,2020.0,New,14.95,Long,7.0,Wide,Steel,459209,High-value product,EUR,Netherlands,Viewing by Appointment Only,,199,High Views
1989,Motor Yacht,Princess Power Boats,Used Boat,2010.0,New,13.56,Medium,4.0,Medium,,2145000,High-value product,DKK,Denmark,Viewing by Appointment Only,In Our Exhibition,195,High Views
2266,nan,,New Boat From Stock,2020.0,New,15.0,Long,4.5,Wide,Aluminium,155000,Mid-value product,EUR,Netherlands,Viewing by Appointment Only,,181,High Views
2271,nan,Quicksilver Power Boats,Used Boat,2014.0,New,7.39,Short,2.79,Medium,,449995,High-value product,DKK,Denmark,Viewing by Appointment Only,In Our Exhibition,181,High Views
2423,Sport Boat,Aquador Power Boats,Used Boat,1996.0,Old,6.82,Short,2.68,Medium,,199000,Mid-value product,DKK,Denmark,Viewing by Appointment Only,In Our Exhibition,173,High Views
2513,Trawler,Linssen Power Boats,Used Boat,1998.0,Old,10.1,Medium,3.45,Medium,Steel,109500,Mid-value product,EUR,Netherlands,Viewing by Appointment Only,,170,Medium Views
2630,Motor Yacht,Sea Ray Power Boats,"Used Boat, Diesel",1995.0,Old,16.61,Long,4.57,Wide,GRP,99500,Mid-value product,EUR,Italy,Viewing by Appointment Only,,166,Medium Views
2666,nan,,New Boat From Stock,2019.0,New,9.26,Medium,3.0,Medium,Steel,66500,Mid-value product,EUR,Netherlands,Viewing by Appointment Only,,164,Medium Views
2671,nan,Aluforce Power Boats,New Boat From Stock,2020.0,New,7.4,Short,2.45,Narrow,Aluminium,49000,Mid-value product,EUR,Germany,Viewing by Appointment Only,,164,Medium Views
2701,nan,,Used Boat,1950.0,Old,6.0,Short,2.2,Narrow,Wood,12500,Low-value product,EUR,Netherlands,Viewing by Appointment Only,,162,Medium Views
2709,nan,Aluforce Power Boats,New Boat From Stock,2020.0,New,8.7,Medium,2.55,Medium,Aluminium,67300,Mid-value product,EUR,Germany,Viewing by Appointment Only,,162,Medium Views
2726,nan,Aluforce Power Boats,New Boat From Stock,2020.0,New,7.1,Short,2.45,Narrow,Aluminium,46260,Mid-value product,EUR,Germany,Viewing by Appointment Only,,162,Medium Views
2845,nan,Faeton Power Boats,Used Boat,2006.0,Mid,10.4,Medium,3.5,Medium,GRP,79500,Mid-value product,EUR,Netherlands,Viewing by Appointment Only,,158,Medium Views
2890,nan,Sunseeker Power Boats,"Used Boat, Diesel",2006.0,Mid,19.9,Long,5.1,Wide,GRP,649000,High-value product,EUR,Netherlands,Viewing by Appointment Only,,156,Medium Views
2899,Sport Boat,Yamarin Power Boats,New Boat From Stock,2020.0,New,6.3,Short,2.5,Narrow,GRP,37780,Low-value product,EUR,Germany,Viewing by Appointment Only,,156,Medium Views
2941,Trawler,,Used Boat,1996.0,Old,13.7,Medium,4.2,Medium,Steel,169000,Mid-value product,EUR,Netherlands,Viewing by Appointment Only,,154,Medium Views
2954,nan,Axopar Power Boats,Used Boat,2017.0,New,8.99,Medium,2.85,Medium,GRP,99500,Mid-value product,EUR,Netherlands,Viewing by Appointment Only,,154,Medium Views
3047,Trawler,,Used Boat,2007.0,Mid,9.5,Medium,3.45,Medium,Steel,55000,Mid-value product,EUR,Netherlands,Viewing by Appointment Only,,151,Medium Views
3177,Motor Yacht,Bénéteau Power Boats,"Used Boat, Diesel",2009.0,Mid,12.12,Medium,3.77,Medium,GRP,138000,Mid-value product,EUR,Croatia,Viewing by Appointment Only,,147,Medium Views
3190,Sport Boat,Yamarin Power Boats,New Boat From Stock,2020.0,New,6.3,Short,2.35,Narrow,GRP,33765,Low-value product,EUR,Germany,Viewing by Appointment Only,,147,Medium Views
3231,nan,Viking Power Boats,New Boat From Stock,2020.0,New,6.84,Short,2.5,Narrow,Aluminium,26500,Low-value product,EUR,Germany,Viewing by Appointment Only,,146,Medium Views
3367,nan,Yamarin Power Boats,New Boat From Stock,2020.0,New,8.8,Medium,2.95,Medium,GRP,100185,Mid-value product,EUR,Germany,Viewing by Appointment Only,,142,Medium Views
3402,Motor Yacht,,Used Boat,2011.0,New,10.2,Medium,3.5,Medium,Steel,149500,Mid-value product,EUR,Netherlands,Viewing by Appointment Only,,141,Medium Views
3449,nan,,New Boat From Stock,2020.0,New,11.99,Medium,7.55,Wide,,200000,Mid-value product,EUR,Netherlands,Viewing by Appointment Only,,140,Medium Views
3484,Motor Yacht,Azimut Power Boats,"Used Boat, Diesel",2004.0,Mid,19.0,Long,5.0,Wide,GRP,439000,High-value product,EUR,Croatia,Viewing by Appointment Only,,139,Medium Views
3506,Bowrider,Yamarin Power Boats,New Boat From Stock,2020.0,New,5.66,Short,2.17,Narrow,Aluminium,27785,Low-value product,EUR,Germany,Viewing by Appointment Only,,139,Medium Views
3521,Trawler,,Used Boat,1966.0,Old,16.64,Long,4.5,Wide,Steel,265000,High-value product,EUR,Netherlands,Viewing by Appointment Only,,138,Medium Views
3584,nan,,Used Boat,2011.0,New,7.1,Short,2.45,Narrow,GRP,29500,Low-value product,EUR,Netherlands,Viewing by Appointment Only,,137,Medium Views
3627,Sport Boat,Yamarin Power Boats,New Boat From Stock,2019.0,New,5.67,Short,2.25,Narrow,GRP,21090,Low-value product,EUR,Germany,Viewing by Appointment Only,,135,Medium Views
3753,Trawler,,Used Boat,2013.0,New,13.5,Medium,4.0,Medium,Steel,247500,Mid-value product,EUR,Netherlands,Viewing by Appointment Only,,132,Medium Views
3765,Motor Yacht,,Used Boat,1982.0,Old,11.5,Medium,3.5,Medium,Steel,32000,Low-value product,EUR,Netherlands,Viewing by Appointment Only,,132,Medium Views
4025,Sport Boat,Aluforce Power Boats,New Boat From Stock,2020.0,New,5.66,Short,2.1,Narrow,Aluminium,17900,Low-value product,EUR,Germany,Viewing by Appointment Only,,126,Medium Views
4032,Sport Boat,,New Boat From Stock,2020.0,New,5.25,Short,1.98,Narrow,,179000,Mid-value product,DKK,Denmark,Viewing by Appointment Only,In Our Exhibition,125,Medium Views
4057,Trawler,,Used Boat,1975.0,Old,14.0,Long,4.35,Wide,Steel,72500,Mid-value product,EUR,Netherlands,Viewing by Appointment Only,,125,Medium Views
4125,Trawler,,Used Boat,1997.0,Old,13.2,Medium,4.0,Medium,Steel,229000,Mid-value product,EUR,Netherlands,Viewing by Appointment Only,,123,Medium Views
4134,Trawler,Gillissen Power Boats,Used Boat,1970.0,Old,11.85,Medium,3.65,Medium,Steel,64900,Mid-value product,EUR,Netherlands,Viewing by Appointment Only,,123,Medium Views
4138,Bowrider,Yamarin Power Boats,New Boat From Stock,2020.0,New,6.3,Short,2.35,Narrow,GRP,30355,Low-value product,EUR,Germany,Viewing by Appointment Only,,123,Medium Views
4268,nan,Aluforce Power Boats,New Boat From Stock,2020.0,New,8.2,Medium,2.5,Narrow,Aluminium,60000,Mid-value product,EUR,Germany,Viewing by Appointment Only,,120,Medium Views
4358,nan,,Used Boat,2020.0,New,18.0,Long,5.5,Wide,Aluminium,260000,High-value product,EUR,Netherlands,Viewing by Appointment Only,,118,Medium Views
4361,nan,,New Boat From Stock,2020.0,New,19.95,Long,4.85,Wide,Steel,238000,Mid-value product,EUR,Netherlands,Viewing by Appointment Only,,118,Medium Views
4420,Sport Boat,Yamarin Power Boats,New Boat From Stock,2020.0,New,7.55,Medium,2.47,Narrow,Aluminium,54540,Mid-value product,EUR,Germany,Viewing by Appointment Only,,117,Medium Views
4436,nan,,Used Boat,1936.0,Old,10.22,Medium,3.3,Medium,Steel,48000,Mid-value product,EUR,Netherlands,Viewing by Appointment Only,,116,Medium Views
4822,nan,Amt Power Boats,New Boat From Stock,2020.0,New,6.4,Short,2.4,Narrow,GRP,37000,Low-value product,EUR,Germany,Viewing by Appointment Only,,109,Medium Views
4852,nan,,New Boat From Stock,2020.0,New,15.0,Long,5.6,Wide,Steel,299900,High-value product,EUR,Netherlands,Viewing by Appointment Only,,109,Medium Views
4871,Trawler,Pedro Power Boats,Used Boat,1999.0,Old,10.6,Medium,3.5,Medium,Steel,62500,Mid-value product,EUR,Netherlands,Viewing by Appointment Only,,109,Medium Views
4875,nan,Yamarin Power Boats,New Boat From Stock,2020.0,New,6.77,Short,2.54,Medium,GRP,55290,Mid-value product,EUR,Germany,Viewing by Appointment Only,,109,Medium Views
4889,Sport Boat,Amt Power Boats,New Boat From Stock,2020.0,New,4.72,Short,2.05,Narrow,GRP,10890,Low-value product,EUR,Germany,Viewing by Appointment Only,,109,Medium Views
4896,nan,Makma Power Boats,"Used Boat, Diesel",2003.0,Mid,9.3,Medium,3.3,Medium,GRP,84500,Mid-value product,EUR,Netherlands,Viewing by Appointment Only,,108,Medium Views
4899,Motor Yacht,,Used Boat,2001.0,Mid,11.6,Medium,3.96,Medium,Steel,94500,Mid-value product,EUR,Netherlands,Viewing by Appointment Only,,108,Medium Views
4952,Deck Boat,Yamarin Power Boats,New Boat From Stock,2020.0,New,6.25,Short,2.3,Narrow,GRP,22520,Low-value product,EUR,Germany,Viewing by Appointment Only,,107,Medium Views
4996,Trawler,Zijlmans Power Boats,"Used Boat, Diesel",1997.0,Old,14.0,Long,4.2,Medium,Steel,150000,Mid-value product,EUR,Netherlands,Viewing by Appointment Only,,107,Medium Views
5037,Trawler,Linssen Power Boats,"Used Boat, Diesel",1999.0,Old,10.1,Medium,3.45,Medium,Steel,119000,Mid-value product,EUR,Netherlands,Viewing by Appointment Only,,106,Medium Views
5092,Sport Boat,Amt Power Boats,New Boat From Stock,2019.0,New,5.5,Short,2.24,Narrow,GRP,23900,Low-value product,EUR,Germany,Viewing by Appointment Only,,106,Medium Views
5145,Trawler,,"Used Boat, Diesel",1976.0,Old,10.5,Medium,3.4,Medium,Steel,26500,Low-value product,EUR,Netherlands,Viewing by Appointment Only,,105,Medium Views
5262,Trawler,,Used Boat,1992.0,Old,12.0,Medium,3.65,Medium,Steel,59500,Mid-value product,EUR,Netherlands,Viewing by Appointment Only,,103,Medium Views
5278,Trawler,Linssen Power Boats,Used Boat,2019.0,New,9.7,Medium,3.35,Medium,Steel,238000,Mid-value product,EUR,Netherlands,Viewing by Appointment Only,,102,Medium Views
5473,Motor Yacht,Smelne Power Boats,"Used Boat, Diesel",2000.0,Mid,14.9,Long,4.5,Wide,Steel,188000,Mid-value product,EUR,Netherlands,Viewing by Appointment Only,,99,Medium Views
5522,Motor Yacht,Sunseeker Power Boats,"Used Boat, Diesel",2008.0,Mid,17.0,Long,4.0,Medium,GRP,445000,High-value product,EUR,Croatia,Viewing by Appointment Only,,98,Medium Views
5548,Trawler,,Used Boat,1982.0,Old,12.0,Medium,3.85,Medium,Steel,69500,Mid-value product,EUR,Netherlands,Viewing by Appointment Only,,98,Medium Views
5595,Trawler,Vri-Jon Power Boats,Used Boat,2009.0,Mid,13.9,Medium,4.2,Medium,Steel,219500,Mid-value product,EUR,Netherlands,Viewing by Appointment Only,,97,Medium Views
5597,Trawler,Vri-Jon Power Boats,Used Boat,2000.0,Mid,13.85,Medium,4.1,Medium,Steel,174900,Mid-value product,EUR,Netherlands,Viewing by Appointment Only,,97,Medium Views
5599,Trawler,Pedro Power Boats,"Used Boat, Diesel",2011.0,New,10.3,Medium,3.4,Medium,Steel,125000,Mid-value product,EUR,Netherlands,Viewing by Appointment Only,,97,Medium Views
5725,Trawler,Concordia Power Boats,"Used Boat, Diesel",2010.0,New,14.5,Long,4.7,Wide,Steel,219500,Mid-value product,EUR,Netherlands,Viewing by Appointment Only,,95,Medium Views
5749,Trawler,,Used Boat,1980.0,Old,10.0,Medium,3.3,Medium,Steel,22500,Low-value product,EUR,Netherlands,Viewing by Appointment Only,,95,Medium Views
5762,Motor Yacht,Cranchi Power Boats,Used Boat,1998.0,Old,10.6,Medium,3.6,Medium,GRP,90000,Mid-value product,EUR,Netherlands,Viewing by Appointment Only,,94,Medium Views
5894,Motor Yacht,Sunseeker Power Boats,Used Boat,1992.0,Old,14.15,Long,3.3,Medium,GRP,100000,Mid-value product,EUR,Netherlands,Viewing by Appointment Only,,92,Medium Views
5920,Motor Yacht,Aquanaut Power Boats,"Used Boat, Diesel",2008.0,Mid,16.5,Long,4.55,Wide,Steel,380000,High-value product,EUR,Netherlands,Viewing by Appointment Only,,91,Medium Views
6095,Bowrider,Yamarin Power Boats,New Boat From Stock,2020.0,New,6.15,Short,2.29,Narrow,Aluminium,31400,Low-value product,EUR,Germany,Viewing by Appointment Only,,89,Medium Views
6112,Trawler,,Used Boat,1992.0,Old,12.0,Medium,3.7,Medium,Steel,120000,Mid-value product,EUR,Netherlands,Viewing by Appointment Only,,88,Medium Views
6202,nan,,Used Boat,2008.0,Mid,15.0,Long,4.55,Wide,Steel,395000,High-value product,EUR,Netherlands,Viewing by Appointment Only,,87,Medium Views
6205,nan,,"Used Boat, Diesel",2005.0,Mid,16.5,Long,4.8,Wide,GRP,369000,High-value product,EUR,Spain,Viewing by Appointment Only,,87,Medium Views
6277,Trawler,,Used Boat,1999.0,Old,12.9,Medium,4.0,Medium,Steel,139500,Mid-value product,EUR,Netherlands,Viewing by Appointment Only,,86,Medium Views
6282,nan,,New Boat From Stock,2020.0,New,8.5,Medium,3.8,Medium,Steel,129000,Mid-value product,EUR,Netherlands,Viewing by Appointment Only,,86,Medium Views
6339,nan,,New Boat From Stock,2020.0,New,12.0,Medium,5.0,Wide,Aluminium,179800,Mid-value product,EUR,Netherlands,Viewing by Appointment Only,,85,Medium Views
6363,Deck Boat,Amt Power Boats,New Boat From Stock,2019.0,New,5.6,Short,2.25,Narrow,GRP,23290,Low-value product,EUR,Germany,Viewing by Appointment Only,,84,Medium Views
6396,Trawler,Smelne Power Boats,Used Boat,2001.0,Mid,14.95,Long,4.45,Wide,Steel,298000,High-value product,EUR,Netherlands,Viewing by Appointment Only,,84,Medium Views
6527,Trawler,Tryvia Power Boats,Used Boat,2009.0,Mid,11.2,Medium,3.8,Medium,Steel,179000,Mid-value product,EUR,Netherlands,Viewing by Appointment Only,,82,Medium Views
6550,Cabin Boat,,Used Boat,1997.0,Old,8.0,Medium,3.2,Medium,Steel,35000,Low-value product,EUR,Netherlands,Viewing by Appointment Only,,82,Medium Views
6576,Motor Yacht,Valkkruiser Power Boats,"Used Boat, Diesel",2005.0,Mid,13.6,Medium,4.25,Wide,Steel,189000,Mid-value product,EUR,Netherlands,Viewing by Appointment Only,,81,Medium Views
6639,Center Console Boat,,New Boat From Stock,2017.0,New,7.04,Short,2.51,Narrow,Aluminium,31100,Low-value product,EUR,Germany,Viewing by Appointment Only,,81,Medium Views
6657,nan,,Used Boat,2007.0,Mid,12.45,Medium,4.3,Wide,,149500,Mid-value product,EUR,Netherlands,Viewing by Appointment Only,,80,Medium Views
6659,Trawler,,Used Boat,2007.0,Mid,12.6,Medium,4.18,Medium,Steel,159000,Mid-value product,EUR,Netherlands,Viewing by Appointment Only,,80,Medium Views
6688,Motor Yacht,,Used Boat,2002.0,Mid,12.6,Medium,3.85,Medium,Steel,139000,Mid-value product,EUR,Netherlands,Viewing by Appointment Only,,80,Medium Views
6695,Trawler,,"Used Boat, Diesel",1989.0,Old,10.4,Medium,3.6,Medium,Steel,69500,Mid-value product,EUR,Netherlands,Viewing by Appointment Only,,80,Medium Views
6780,Motor Yacht,Vri-Jon Power Boats,"Used Boat, Diesel",1996.0,Old,11.2,Medium,3.8,Medium,Steel,98500,Mid-value product,EUR,Netherlands,Viewing by Appointment Only,,78,Medium Views
6959,nan,,New Boat From Stock,2020.0,New,15.0,Long,5.6,Wide,Steel,259900,High-value product,EUR,Netherlands,Viewing by Appointment Only,,76,Medium Views
7001,Motor Yacht,Vri-Jon Power Boats,Used Boat,1991.0,Old,11.4,Medium,3.8,Medium,Steel,59000,Mid-value product,EUR,Netherlands,Viewing by Appointment Only,,75,Medium Views
7048,nan,,New Boat From Stock,2020.0,New,11.98,Medium,5.0,Wide,Aluminium,165800,Mid-value product,EUR,Netherlands,Viewing by Appointment Only,,75,Medium Views
7086,nan,,"Used Boat, Diesel",1993.0,Old,13.8,Medium,4.1,Medium,Steel,149500,Mid-value product,EUR,Netherlands,Viewing by Appointment Only,,74,Medium Views
7208,Motor Yacht,Fairline Power Boats,"Used Boat, Diesel",2001.0,Mid,15.2,Long,3.94,Medium,GRP,219000,Mid-value product,EUR,Netherlands,Viewing by Appointment Only,,73,Medium Views
7210,Sport Boat,Nimbus Power Boats,"New Boat From Stock, Unleaded",2019.0,New,9.35,Medium,2.95,Medium,GRP,199000,Mid-value product,EUR,Germany,Viewing by Appointment Only,,73,Medium Views
7312,Motor Yacht,Proficiat Power Boats,"Used Boat, Diesel",2004.0,Mid,11.0,Medium,3.55,Medium,Steel,98500,Mid-value product,EUR,Netherlands,Viewing by Appointment Only,,71,Medium Views
7393,Trawler,Treffer Power Boats,Used Boat,2006.0,Mid,13.3,Medium,4.3,Wide,Steel,189000,Mid-value product,EUR,Netherlands,Viewing by Appointment Only,,70,Medium Views
7430,Motor Yacht,,Used Boat,1983.0,Old,11.6,Medium,3.75,Medium,Steel,79500,Mid-value product,EUR,Netherlands,Viewing by Appointment Only,,70,Medium Views
7466,Trawler,Pacific Power Boats,"Used Boat, Diesel",1995.0,Old,14.95,Long,4.25,Wide,Steel,225000,Mid-value product,EUR,Netherlands,Viewing by Appointment Only,,69,Low Views
7495,Motor Yacht,Van Der Heijden Power Boats,"Used Boat, Diesel",2006.0,Mid,15.8,Long,4.5,Wide,Steel,319000,High-value product,EUR,Netherlands,Viewing by Appointment Only,,69,Low Views
7498,Motor Yacht,Cruisers Yachts Power Boats,"Used Boat, Diesel",2007.0,Mid,13.11,Medium,4.11,Medium,GRP,229000,Mid-value product,EUR,Netherlands,Viewing by Appointment Only,,69,Low Views
7585,Trawler,Smelne Power Boats,Used Boat,2001.0,Mid,11.75,Medium,3.9,Medium,Steel,169900,Mid-value product,EUR,Netherlands,Viewing by Appointment Only,,68,Low Views
7586,Motor Yacht,,"Used Boat, Diesel",2004.0,Mid,13.0,Medium,4.1,Medium,Steel,169500,Mid-value product,EUR,Netherlands,Viewing by Appointment Only,,68,Low Views
7616,Deck Boat,,New Boat From Stock,2017.0,New,8.77,Medium,2.66,Medium,Steel,29995,Low-value product,EUR,Netherlands,Viewing by Appointment Only,,68,Low Views
7642,Trawler,,Used Boat,2011.0,New,13.8,Medium,4.3,Wide,Steel,249500,Mid-value product,EUR,Netherlands,Viewing by Appointment Only,,67,Low Views
7671,Motor Yacht,,Used Boat,2002.0,Mid,14.85,Long,4.55,Wide,Steel,249500,Mid-value product,EUR,Netherlands,Viewing by Appointment Only,,67,Low Views
7749,Motor Yacht,Fairline Power Boats,"Used Boat, Diesel",2007.0,Mid,12.0,Medium,3.0,Medium,GRP,213000,Mid-value product,EUR,Croatia,Viewing by Appointment Only,,66,Low Views
7757,nan,Funcraft Power Boats,"Used Boat, Diesel",1996.0,Old,12.5,Medium,3.9,Medium,Steel,109500,Mid-value product,EUR,Netherlands,Viewing by Appointment Only,,66,Low Views
7791,Motor Yacht,Fairline Power Boats,"Used Boat, Diesel",1999.0,Old,16.02,Long,4.69,Wide,GRP,269000,High-value product,EUR,Netherlands,Viewing by Appointment Only,,65,Low Views
7823,nan,,New Boat From Stock,2020.0,New,13.2,Medium,4.4,Wide,GRP,195000,Mid-value product,PLN,Poland,Viewing by Appointment Only,,65,Low Views
8025,Motor Yacht,,Used Boat,1989.0,Old,12.5,Medium,4.1,Medium,Steel,135000,Mid-value product,EUR,Netherlands,Viewing by Appointment Only,,62,Low Views
8043,Trawler,,"Used Boat, Diesel",1948.0,Old,8.52,Medium,2.6,Medium,GRP,48500,Mid-value product,EUR,Germany,Viewing by Appointment Only,,62,Low Views
8066,nan,,New Boat From Stock,2020.0,New,12.0,Medium,4.5,Wide,Steel,229900,Mid-value product,EUR,Netherlands,Viewing by Appointment Only,,61,Low Views
8108,Sport Boat,Amt Power Boats,New Boat From Stock,2019.0,New,5.15,Short,2.08,Narrow,GRP,16190,Low-value product,EUR,Germany,Viewing by Appointment Only,,60,Low Views
8117,Motor Yacht,,Used Boat,,nan,19.59,Long,5.0,Wide,Steel,160000,Mid-value product,EUR,Netherlands,Viewing by Appointment Only,,60,Low Views
8151,Trawler,Privateer Power Boats,Used Boat,2005.0,Mid,12.5,Medium,4.0,Medium,Steel,174500,Mid-value product,EUR,Netherlands,Viewing by Appointment Only,,60,Low Views
8252,Trawler,,Used Boat,1973.0,Old,10.0,Medium,3.2,Medium,Steel,29000,Low-value product,EUR,Netherlands,Viewing by Appointment Only,,58,Low Views
8253,Motor Yacht,,Used Boat,1983.0,Old,10.3,Medium,3.05,Medium,GRP,45000,Mid-value product,EUR,Netherlands,Viewing by Appointment Only,,58,Low Views
8311,Trawler,Pedro Power Boats,Used Boat,1978.0,Old,10.5,Medium,3.4,Medium,Steel,59500,Mid-value product,EUR,Netherlands,Viewing by Appointment Only,,58,Low Views
8329,Trawler,,Used Boat,1997.0,Old,10.5,Medium,3.4,Medium,Steel,65000,Mid-value product,EUR,Netherlands,Viewing by Appointment Only,,57,Low Views
8365,Trawler,Smelne Power Boats,Used Boat,2000.0,Mid,13.0,Medium,4.0,Medium,Steel,169000,Mid-value product,EUR,Netherlands,Viewing by Appointment Only,,57,Low Views
8423,nan,Azimut Power Boats,"Used Boat, Diesel",2008.0,Mid,17.96,Long,4.95,Wide,GRP,769000,High-value product,EUR,Netherlands,Viewing by Appointment Only,,56,Low Views
8451,Trawler,,Used Boat,1993.0,Old,11.4,Medium,3.8,Medium,Steel,89500,Mid-value product,EUR,Netherlands,Viewing by Appointment Only,,56,Low Views
8481,Trawler,,"Used Boat, Diesel",2008.0,Mid,16.9,Long,4.75,Wide,Steel,359500,High-value product,EUR,Netherlands,Viewing by Appointment Only,,55,Low Views
8491,nan,Astondoa Power Boats,"Used Boat, Diesel",2001.0,Mid,22.34,Long,5.45,Wide,GRP,548000,High-value product,EUR,Spain,Viewing by Appointment Only,,55,Low Views
8500,Motor Yacht,,Used Boat,1995.0,Old,14.5,Long,4.25,Wide,Steel,195000,Mid-value product,EUR,Netherlands,Viewing by Appointment Only,,55,Low Views
8576,nan,,New Boat From Stock,2020.0,New,10.5,Medium,3.8,Medium,Steel,169900,Mid-value product,EUR,Netherlands,Viewing by Appointment Only,,54,Low Views
8752,nan,,New Boat From Stock,2020.0,New,12.0,Medium,4.44,Wide,Aluminium,198500,Mid-value product,EUR,Netherlands,Viewing by Appointment Only,,51,Low Views
8869,Trawler,Reline Power Boats,Used Boat,2005.0,Mid,12.6,Medium,3.8,Medium,Steel,149000,Mid-value product,EUR,Netherlands,Viewing by Appointment Only,,49,Low Views
8905,Trawler,Smelne Power Boats,"Used Boat, Diesel",2006.0,Mid,13.75,Medium,4.4,Wide,Steel,269000,High-value product,EUR,Netherlands,Viewing by Appointment Only,,48,Low Views
8997,nan,Jeanneau Power Boats,"Used Boat, Unleaded",2018.0,New,6.55,Short,2.54,Medium,GRP,63000,Mid-value product,EUR,Croatia,Viewing by Appointment Only,,46,Low Views
9066,Sport Boat,,New Boat From Stock,2020.0,New,7.42,Short,2.5,Narrow,,479000,High-value product,DKK,Denmark,Viewing by Appointment Only,In Our Exhibition,45,Low Views
9127,Motor Yacht,,Used Boat,2006.0,Mid,12.5,Medium,3.7,Medium,Steel,99000,Mid-value product,EUR,Netherlands,Viewing by Appointment Only,,44,Low Views
9185,nan,,"Used Boat, Diesel",2007.0,Mid,19.55,Long,6.13,Wide,GRP,990000,High-value product,EUR,Spain,Viewing by Appointment Only,,43,Low Views
9202,nan,Baltic Power Boats,New Boat From Stock,2020.0,New,11.98,Medium,5.0,Wide,Aluminium,134500,Mid-value product,EUR,Netherlands,Viewing by Appointment Only,,43,Low Views
9278,Trawler,,Used Boat,1996.0,Old,10.8,Medium,3.72,Medium,Steel,84500,Mid-value product,EUR,Netherlands,Viewing by Appointment Only,,41,Low Views
9380,nan,,New Boat From Stock,2020.0,New,9.0,Medium,4.0,Medium,GRP,124800,Mid-value product,PLN,Poland,Viewing by Appointment Only,,39,Low Views
9396,Trawler,Smelne Power Boats,Used Boat,2011.0,New,15.5,Long,4.55,Wide,Steel,498000,High-value product,EUR,Netherlands,Viewing by Appointment Only,,39,Low Views
9433,nan,,New Boat From Stock,2020.0,New,8.5,Medium,3.8,Medium,Steel,149900,Mid-value product,EUR,Netherlands,Viewing by Appointment Only,,38,Low Views
9455,Trawler,Marhen Power Boats,Used Boat,2006.0,Mid,10.85,Medium,3.6,Medium,Steel,119500,Mid-value product,EUR,Netherlands,Viewing by Appointment Only,,38,Low Views
9483,Motor Yacht,,"Used Boat, Diesel",2016.0,New,14.0,Long,4.3,Wide,Steel,575000,High-value product,EUR,Netherlands,Viewing by Appointment Only,,37,Low Views
9486,Motor Yacht,Fairline Power Boats,"Used Boat, Diesel",2006.0,Mid,18.88,Long,4.75,Wide,GRP,440000,High-value product,EUR,Croatia,Viewing by Appointment Only,,37,Low Views
9610,Motor Yacht,,New Boat From Stock,,nan,19.59,Long,4.05,Medium,Steel,140000,Mid-value product,EUR,Netherlands,Viewing by Appointment Only,,34,Low Views
